{
    "usingComponents": {
      "van-row": "../../static/vant/row/index",
      "van-col": "../../static/vant/col/index",
      "van-button": "../../static/vant/button/index",
      "van-icon": "../../static/vant/icon/index",
      "van-tab": "../../static/vant/tab/index",
      "van-tabs": "../../static/vant/tabs/index",
      "van-transition": "../../static/vant/transition/index",
      "van-tabbar": "../../static/vant/tabbar/index",
      "van-tabbar-item": "../../static/vant/tabbar-item/index"
      ,"van-field": "../../static/vant/field/index"
      ,"van-toast": "../../static/vant/toast/index"
      ,"van-cell": "../../static/vant/cell/index"
      ,"van-cell-group": "../../static/vant/cell-group/index"
      ,"van-tree-select": "../../static/vant/tree-select/index"
      ,"van-popup": "../../static/vant/popup/index"
    }
}