{
    "navigationBarTitleText": "发布需求",
    "usingComponents": {
        "van-field": "../../static/vant/field/index"
        ,"van-toast": "../../static/vant/toast/index"
        ,"van-button": "../../static/vant/button/index"
        ,"van-icon": "../../static/vant/icon/index"
        ,"van-cell": "../../static/vant/cell/index"
        ,"van-cell-group": "../../static/vant/cell-group/index"
        ,"van-popup": "../../static/vant/popup/index"
        ,"van-area": "../../static/vant/area/index"
    }
        
}
